{"episode_reward": 570.4284334315948, "_step": 21209, "_runtime": 163, "_timestamp": 1610504707, "loss": {"_type": "histogram", "values": [2853, 989, 47, 18, 13, 1, 2, 4, 3, 3, 1, 5, 2, 0, 1, 4, 3, 1, 2, 2, 0, 5, 0, 1, 1, 1, 2, 0, 1, 1, 1, 2], "bins": [-0.3732896149158478, 0.09404419362545013, 0.561378002166748, 1.0287117958068848, 1.4960455894470215, 1.9633793830871582, 2.430713176727295, 2.8980469703674316, 3.3653807640075684, 3.832714557647705, 4.300048351287842, 4.7673821449279785, 5.234715938568115, 5.702049732208252, 6.169383525848389, 6.636717319488525, 7.104051113128662, 7.571385383605957, 8.038719177246094, 8.50605297088623, 8.973386764526367, 9.440720558166504, 9.90805435180664, 10.375388145446777, 10.842721939086914, 11.31005573272705, 11.777389526367188, 12.244723320007324, 12.712057113647461, 13.179390907287598, 13.646724700927734, 14.114058494567871, 14.581392288208008]}}