{"episode_reward": -110.8257258876921, "_step": 511, "_runtime": 26, "_timestamp": 1607978034, "loss": {"_type": "histogram", "values": [968187, 17035, 3770, 2680, 1744, 726, 627, 502, 349, 370, 340, 27, 38, 35, 36, 43, 56, 58, 47, 56, 63, 58, 56, 60, 65, 76, 93, 114, 131, 159, 207, 193], "bins": [-0.8993830680847168, 11.860159873962402, 24.61970329284668, 37.37924575805664, 50.138790130615234, 62.89833450317383, 75.65787506103516, 88.41741943359375, 101.17696380615234, 113.93650817871094, 126.69605255126953, 139.45559692382812, 152.2151336669922, 164.9746856689453, 177.73422241210938, 190.4937744140625, 203.25331115722656, 216.01284790039062, 228.77239990234375, 241.5319366455078, 254.29148864746094, 267.051025390625, 279.8105773925781, 292.57012939453125, 305.32965087890625, 318.0892028808594, 330.8487548828125, 343.6082763671875, 356.3678283691406, 369.12738037109375, 381.8869323730469, 394.6464538574219, 407.406005859375]}}