{"episode_reward": 24.988654331245023, "_step": 32, "_runtime": 3, "_timestamp": 1608001206, "loss": {"_type": "histogram", "values": [984754, 7536, 1578, 880, 702, 537, 218, 402, 78, 106, 102, 131, 236, 23, 21, 32, 20, 29, 24, 29, 27, 31, 20, 31, 38, 31, 38, 33, 29, 57, 58, 170], "bins": [-0.4822148084640503, 55.89833068847656, 112.27886962890625, 168.659423828125, 225.0399627685547, 281.4205017089844, 337.8010559082031, 394.18157958984375, 450.5621337890625, 506.94268798828125, 563.3232421875, 619.7037963867188, 676.0842895507812, 732.46484375, 788.8453979492188, 845.2259521484375, 901.6065063476562, 957.987060546875, 1014.3675537109375, 1070.7481689453125, 1127.128662109375, 1183.5091552734375, 1239.8897705078125, 1296.270263671875, 1352.65087890625, 1409.0313720703125, 1465.4119873046875, 1521.79248046875, 1578.1729736328125, 1634.5535888671875, 1690.93408203125, 1747.314697265625, 1803.6951904296875]}}