{"episode_reward": 121.81745313880722, "_step": 4065, "_runtime": 195, "_timestamp": 1607978320, "loss": {"_type": "histogram", "values": [966760, 13900, 4712, 3801, 2003, 1208, 1175, 550, 233, 301, 524, 210, 235, 356, 271, 291, 44, 67, 53, 67, 80, 72, 95, 96, 115, 143, 205, 45, 52, 71, 69, 197], "bins": [-0.9406228065490723, 8.467958450317383, 17.87653923034668, 27.285120010375977, 36.693702697753906, 46.1022834777832, 55.5108642578125, 64.91944122314453, 74.3280258178711, 83.73661041259766, 93.14518737792969, 102.55377197265625, 111.96234893798828, 121.37093353271484, 130.77951049804688, 140.18809509277344, 149.5966796875, 159.0052490234375, 168.41383361816406, 177.82241821289062, 187.2310028076172, 196.63958740234375, 206.04815673828125, 215.4567413330078, 224.86532592773438, 234.27391052246094, 243.68247985839844, 253.091064453125, 262.4996337890625, 271.9082336425781, 281.3168029785156, 290.72540283203125, 300.13397216796875]}}